,logFC,AveExpr,t,P.Value,adj.P.Val,B,comparison
DQ597485,-3.500952841343793,2.800555221683206,-41.16555903540207,3.876270508101354e-190,9.690676270253385e-187,424.43473557734336,Basal_vs_Her2
DQ580854,-4.487686232254952,-0.34535005071623615,-33.27887698628014,5.480364846308005e-147,2.7401824231540026e-144,325.3638946914962,Basal_vs_Her2
M26316,-2.1042404594380186,1.2635748700801637,-29.028670467515155,1.056733557684477e-122,2.7808777833802023e-120,269.58396863994136,Basal_vs_Her2
MIR4519,-5.346608071256829,3.021565722939185,-28.852254876169134,1.1007492430120832e-121,2.7518731075302077e-119,267.2462221046919,Basal_vs_Her2
DQ576791,-4.10521414250116,0.034715999760696004,-27.73300545902801,3.228535849251708e-115,5.978770091206867e-113,252.39044569292304,Basal_vs_Her2
AY006263,-5.071177022346947,2.5853805871805573,-26.938149289677046,1.2861406273597701e-110,2.1435677122662833e-108,241.82331945159447,Basal_vs_Her2
SNORD44,-3.7686658751199578,-0.41844385553476465,-26.804124204880775,7.678280872143589e-110,1.1633758897187255e-107,240.0408623697148,Basal_vs_Her2
SNORD95,-2.0787167098473986,2.5716041495065074,-25.95193985056948,6.595605354298496e-105,8.91298020851148e-103,228.70730870019673,Basal_vs_Her2
TRNA_Val,-2.9052627450239563,0.7118727864051216,-25.804287199531146,4.7196470719946856e-104,6.050829579480366e-102,226.744156583874,Basal_vs_Her2
DQ598345,-3.1058843850942623,-0.009899115173912032,-25.56817780692215,1.0971752320526093e-102,1.3714690400657617e-100,223.60561376361312,Basal_vs_Her2
JC037707,-2.4803375033657087,-0.7322631480436531,-25.565902454445084,1.130944676750829e-102,1.379200825305889e-100,223.57537303647297,Basal_vs_Her2
TRNA_Pseudo,-2.5150508553940707,1.3650295639130074,-25.496880159611624,2.836535661613522e-102,3.3768281685875265e-100,222.6580778442687,Basal_vs_Her2
DQ580250,-3.597011680393537,-0.8685121659084892,-25.426919685671283,7.203088232689498e-102,8.375683991499415e-100,221.7284186940766,Basal_vs_Her2
SNORD34,-3.624550033150009,4.070032887093452,-25.397584978857687,1.0646571371240935e-101,1.2098376558228335e-99,221.3386418780959,Basal_vs_Her2
M37726,-4.781779742550818,1.1575682247733798,-25.32546076039283,2.7821842292252488e-101,3.0913158102502765e-99,220.38039860951002,Basal_vs_Her2
DD181999,-2.4572316846490434,1.479250412213227,-25.24116823986933,8.548188035220527e-101,8.904362536688049e-99,219.2606533785338,Basal_vs_Her2
MIR3064,-2.239799591440395,1.3399295409951324,-24.682569927825938,1.4456709133149006e-97,1.4173244248185302e-95,211.84568413019628,Basal_vs_Her2
JC037840,-2.3894336401077045,2.9013891054602605,-24.492241928115575,1.8149800090086291e-96,1.7451730855852205e-94,209.32184430057498,Basal_vs_Her2
SNORD52,-2.2969091978537803,0.7316825007078998,-23.87782523547667,6.324059717261345e-93,5.749145197510313e-91,201.1861146213262,Basal_vs_Her2
MIR4785,-2.0878600041576725,-1.4053623399407154,-23.299876930549754,1.3310106393416956e-89,1.0733956768884643e-87,193.55354422494545,Basal_vs_Her2
SNORD42A,-2.085798261800582,-0.6478870998818776,-23.251865987217073,2.510702369402221e-89,1.9614862260954851e-87,192.9205392445151,Basal_vs_Her2
TLS/FUS-ERG,-1.9744787036029487,-1.8095106155320066,-23.076249243692878,2.554484477399674e-88,1.8782974098527017e-86,190.60660508470477,Basal_vs_Her2
Mir_324,-2.5228296585323178,-0.4645725517116866,-22.760369383931998,1.6473381804414848e-86,1.1439848475288088e-84,186.45087581534693,Basal_vs_Her2
SNORD4B,-2.3499629644720996,-0.0011593655721306652,-22.60541410524176,1.2678158918070975e-85,8.340894025046693e-84,184.41546425385343,Basal_vs_Her2
SNORD36C,-3.522472300707907,0.0892163504390142,-22.511849265427397,4.342516033112673e-85,2.783664123790175e-83,183.1875228087934,Basal_vs_Her2
SNORD36B,-3.4263882645863206,1.6822773908320932,-22.47601794859595,6.95677431086515e-85,4.403021715737437e-83,182.717495063786,Basal_vs_Her2
JA611306,-2.935730747133801,-0.26554730011851346,-22.350825299328186,3.606430896979101e-84,2.1725487331199405e-82,181.07623008540227,Basal_vs_Her2
JA783798,-2.820826916005204,0.504124048532785,-22.327047317927057,4.928784362511278e-84,2.9338002157805227e-82,180.76467921662314,Basal_vs_Her2
T cell antigen receptor beta-chain,-1.6884610494361856,2.642086615515779,-22.092411949220974,1.0717037787323758e-82,6.159217119151585e-81,177.69350468092912,Basal_vs_Her2
SNORD33,-1.6941185630809839,4.087954686919636,-21.99197488399141,3.9971978522477386e-82,2.245616770925696e-80,176.38066947293518,Basal_vs_Her2
SNORD68,-3.1061229360042493,-0.6552356137079466,-21.936830920031728,8.230514143806892e-82,4.4250076041972535e-80,175.66034589478048,Basal_vs_Her2
MIR6821,-2.5206478358241724,-0.9150587893932695,-21.814917195095823,4.058565945545862e-81,2.092044301827764e-79,174.0690620852735,Basal_vs_Her2
SNORD54,-3.8535058801463333,2.0571439728960668,-21.504327101908636,2.3459086519662035e-79,1.1613409168149523e-77,170.0230407693952,Basal_vs_Her2
M87939,-2.402714436072427,-1.2662163940759676,-21.30625166018396,3.099251440460137e-78,1.5044909905146298e-76,167.44904222195967,Basal_vs_Her2
DQ583840,-1.6188110612572384,3.407159934832576,-21.290946436364727,3.7825104922559795e-78,1.818514659738452e-76,167.2503636917949,Basal_vs_Her2
SNORD99,-3.6966614107820024,2.808545340022998,-21.268950917650162,5.036182682975446e-78,2.3981822299883074e-76,166.9648924876414,Basal_vs_Her2
SNORD38A,-1.583821746747167,0.5052035801948483,-21.157456790059516,2.1470805708385505e-77,1.0033086779619395e-75,165.51885753943867,Basal_vs_Her2
MIR4784,-1.8147389486338403,2.3707812186635504,-21.13704951939084,2.7992052599057293e-77,1.2840391100484996e-75,165.25436701462704,Basal_vs_Her2
IGHV1-18,-2.282046383736224,-0.6501550386810591,-21.035647358771715,1.0447633249548216e-76,4.748924204340098e-75,163.9409927308962,Basal_vs_Her2
MIR6891,-4.042101270322598,-0.6864283369936843,-20.95570224022862,2.947998408952592e-76,1.304424074757784e-74,162.906556967206,Basal_vs_Her2
SNORD77,-1.9800925690809523,-0.016109180606852274,-20.92708472340619,4.272653891244622e-76,1.857675604888966e-74,162.53648869285362,Basal_vs_Her2
MIR8072,-2.5771159986601293,-1.5620954469584833,-20.925514877428952,4.360511394808893e-76,1.879530773624523e-74,162.51619161363354,Basal_vs_Her2
U30188,-1.8216771949368509,-1.1944333058557262,-20.79260789568566,2.439864145957004e-75,1.0166100608154184e-73,160.7991016657413,Basal_vs_Her2
MIR8078,-1.5645385088576542,4.4315238430409485,-20.679113985415093,1.0594103608553117e-74,4.377728763864924e-73,159.33490739331685,Basal_vs_Her2
DL489966,-2.313445666800572,0.6600713166428146,-20.598687184971165,2.9953833115390254e-74,1.1981533246156103e-72,158.29850825158468,Basal_vs_Her2
DQ576653,-1.6314657658564522,0.6103898270753527,-20.513563586288413,8.989336538523273e-74,3.5114595853606537e-72,157.2026858791684,Basal_vs_Her2
SNORD58C,-2.994647201018945,0.37974620704514916,-20.433958436614315,2.509651453973412e-73,9.57882234340997e-72,156.1789469715758,Basal_vs_Her2
T-cell antigen receptor VJ junction a...,-1.9641975333031987,-1.8499931416597815,-20.219856242340423,3.9503644380857653e-72,1.4312914630745527e-70,153.4306860329222,Basal_vs_Her2
SNORD63,-3.264495854945631,2.314242871859414,-20.200333868782774,5.07716136120528e-72,1.826317036404777e-70,153.1804737191976,Basal_vs_Her2
SNORD46,-1.6424292206302358,-0.2604682865557347,-20.05019153995786,3.4902134967138574e-71,1.2203543694803698e-69,151.25833069238104,Basal_vs_Her2
JA611303,-2.3171329394331965,-0.6242572723646101,-19.835582057050424,5.452594997956211e-70,1.8802051717090382e-68,148.5177650695666,Basal_vs_Her2
MIR5588,-3.241649315384607,-0.06450485901909779,-19.730626137128926,2.0849836460219187e-69,7.0917811089180904e-68,147.18052576478118,Basal_vs_Her2
U6,-2.6185345258538617,2.1170049714907377,-19.60790209360033,9.979058688817637e-69,3.3043240691449125e-67,145.61951881399864,Basal_vs_Her2
TRNA_Asn,-2.6544569284982775,0.18648566432995556,-19.43357448001644,9.180391372287784e-68,2.942433132143521e-66,143.40710775373847,Basal_vs_Her2
MIR6850,-2.2976288953942614,-1.2624195793246786,-19.367231485454532,2.1328672642022642e-67,6.749579950007165e-66,142.56671159185558,Basal_vs_Her2
DQ591798,-1.8325575032920218,0.12673416827275144,-19.264795366272768,7.825159739411698e-67,2.4151727590776844e-65,141.27084519876973,Basal_vs_Her2
MIR635,-2.722957715420267,2.1132209186736564,-19.18530257720163,2.1426258268910182e-66,6.4536922496717416e-65,140.26669904802552,Basal_vs_Her2
TRNA_Gly,-2.502925212215761,-0.9864647165378857,-19.049919837336958,1.1875800774958987e-65,3.49288258087029e-64,138.559583694981,Basal_vs_Her2
SNORD71,-1.7435326368172135,2.7168758834579076,-18.999082565361316,2.256854757351247e-65,6.522701610841754e-64,137.91955012475586,Basal_vs_Her2
SNORD69,-2.0849850988435317,2.4753102994834104,-18.807236686781,2.532822759531652e-64,7.19551920321492e-63,135.50927896348335,Basal_vs_Her2
JC002043,-2.313274385279891,-0.8073080343230864,-18.75284304084174,5.019993509241465e-64,1.4101105363037822e-62,134.82737575467755,Basal_vs_Her2
TRNA_Ser,-1.221312193613962,1.7390473604925487,-18.705262985629123,9.127498084127844e-64,2.5075544187164403e-62,134.23143474061735,Basal_vs_Her2
SNORD2,-2.4056525711743877,-1.440646531218093,-18.704430523910442,9.223433344088908e-64,2.520063755215549e-62,134.22101268886155,Basal_vs_Her2
JA611268,-3.1851690265175954,0.2786834731811023,-18.652716502094314,1.7654143183900291e-63,4.7457374150269605e-62,133.5738843570369,Basal_vs_Her2
MIR6514,-2.097717146138894,-1.7768604867496731,-18.639679669681392,2.0791433392955254e-63,5.559206789560228e-62,133.41084285437032,Basal_vs_Her2
L13714,-3.8459923873200834,0.5816537203297961,-18.61019263105326,3.0095236332466314e-63,8.004052216081466e-62,133.04221503651172,Basal_vs_Her2
DQ589398,-2.896879832536455,5.261100099860641,-18.609290393741528,3.043762853350781e-63,8.052282680822172e-62,133.03093899905738,Basal_vs_Her2
SNORD16,-2.2124126646625757,-1.1724560014880194,-18.47247647923417,1.6884175553755146e-62,4.307187641264068e-61,131.3232417579685,Basal_vs_Her2
MIR7111,-2.6823302958783106,-0.31193040656985993,-18.412017713412425,3.5948969011639223e-62,9.078022477686672e-61,130.5700001300091,Basal_vs_Her2
DQ571149,-1.901518408529108,1.0710833120642487,-18.35257821174746,7.550839305370504e-62,1.878318235166792e-60,129.8303052550895,Basal_vs_Her2
SNORD38B,-3.1264787067390225,1.0714399527244924,-18.310358032271456,1.278530747122516e-61,3.1646800671349407e-60,129.3054116527129,Basal_vs_Her2
SNORD104,-2.6379772339804393,-0.311767268496305,-18.265481316057578,2.2367357188981467e-61,5.509201278074252e-60,128.7479644776583,Basal_vs_Her2
MIR3918,-1.6411800098430842,1.1925966225929625,-18.262624726902832,2.3177647492211773e-61,5.680795953973474e-60,128.71249724635237,Basal_vs_Her2
TRNA_Asp,-2.566976293460928,1.3383376691843412,-18.25456088989831,2.5626635615823098e-61,6.25039893068856e-60,128.61238790349165,Basal_vs_Her2
SNORA54,-2.1975750747173572,2.683906046780665,-18.240024112961237,3.0712322995259584e-61,7.382769950783555e-60,128.43195973974775,Basal_vs_Her2
GSTM1,-2.0034413716163044,0.19862415490075408,-18.191295729393143,5.632403958075331e-61,1.3410485614465074e-59,127.82752918002475,Basal_vs_Her2
DQ593032,-2.2582192113472064,5.272348541274328,-18.176494675825023,6.770877065704254e-61,1.6044732383185436e-59,127.64405170873036,Basal_vs_Her2
SNORD58A,-1.9730019168475783,2.677301703963205,-18.135126121464026,1.1323543468269453e-60,2.658108795368416e-59,127.13152514606796,Basal_vs_Her2
DQ595000,-2.3960755623956254,3.651125086740038,-18.12721386881508,1.249331125223382e-60,2.905421221449725e-59,127.03354656242917,Basal_vs_Her2
TRNA_Ile,-2.400354518184187,-0.14643911965507792,-18.080058855160782,2.2438326525807895e-60,5.146405166469701e-59,126.44994398406678,Basal_vs_Her2
MIR3190,-3.4882548434368927,1.5829571446476622,-18.06677760962164,2.645906827712013e-60,6.0134246084363934e-59,126.28567267162316,Basal_vs_Her2
DQ592269,-2.848983695586563,0.05059910156569335,-18.004519821258725,5.726375156412903e-60,1.295559990138666e-58,125.51622136428082,Basal_vs_Her2
CARTPT,-2.5066574877851315,3.1998157490860444,-17.948176367951163,1.1507102750279016e-59,2.580067881228479e-58,124.82071700481325,Basal_vs_Her2
MUCL1,-1.8613743093740793,-0.6777704094490586,-17.889740353802054,2.371034133816468e-59,5.268964741814373e-58,124.1002444846105,Basal_vs_Her2
L13711,-1.689617527465167,1.9165308561571712,-17.865961511068797,3.181197575077935e-59,7.038047732473308e-58,123.8073223421006,Basal_vs_Her2
TRB@,-2.0101997919707144,1.1181499126420216,-17.80710338360352,6.580939470907023e-59,1.436886347359612e-57,123.08290733949161,Basal_vs_Her2
MIR6848,-3.4294724741925875,1.0398818773967151,-17.681495985313045,3.0952304623151836e-58,6.585596728330178e-57,121.54001339967232,Basal_vs_Her2
SNORD20,-1.382964585044464,1.2692665455994872,-17.56642798637416,1.2737408887343093e-57,2.6647298927496013e-56,120.13029467557803,Basal_vs_Her2
MIR7641-2,-1.535537606831101,6.768117430409029,-17.495328361792787,3.047408668935015e-57,6.348768060281281e-56,119.26104541333339,Basal_vs_Her2
DL490948,-1.599015776457449,3.6069694448813894,-17.376731328066832,1.3017479686763145e-56,2.6566285075026826e-55,117.81421989328541,Basal_vs_Her2
MIR6869,-1.2408780204559569,1.135823215034948,-17.35080605188339,1.787102026243554e-56,3.6176154377399875e-55,117.49846925645895,Basal_vs_Her2
PIP,-2.916113232249524,0.015712993558694793,-17.234929105546122,7.349714633396539e-56,1.4640865803578763e-54,116.08950745336881,Basal_vs_Her2
DQ570592,-2.262458564944911,-1.155242010358689,-17.144860475083867,2.200227031571172e-55,4.331155573959e-54,114.99701771937711,Basal_vs_Her2
AF343414,-2.329189575932448,-1.7423083678248756,-17.073006000144485,5.26788671812443e-55,1.0288841246336777e-53,114.12715279505602,Basal_vs_Her2
MIR611,-1.8729658991139773,-1.6408721605897194,-17.068675794473023,5.552206993081002e-55,1.0760091071862407e-53,114.07478013346233,Basal_vs_Her2
SNORD24,-2.457110772998946,1.8838802669356494,-16.959532612372826,2.0849142358825536e-54,3.994088574487651e-53,112.75656024260702,Basal_vs_Her2
HV303525,-2.1771971523196676,5.10904476963735,-16.95753155147055,2.1360391874009067e-54,4.0764106629788295e-53,112.7324248234058,Basal_vs_Her2
AK311497,-2.9965574273732765,5.173537401001567,-16.899065442719902,4.332903974398039e-54,8.206257527269013e-53,112.02777881534824,Basal_vs_Her2
DQ583960,-2.065809360179407,-1.917541808098407,-16.893324055865758,4.644289662615475e-54,8.762810684180142e-53,111.95863804830495,Basal_vs_Her2
MIR4635,-3.096665771258927,0.27504215739412324,-16.649255576420455,8.793757025092967e-53,1.6224643957736102e-51,109.02878397315696,Basal_vs_Her2
AF395795,-2.934872639734351,0.09850814842249592,-16.64060254939234,9.756890308558201e-53,1.7935460126026106e-51,108.92525050454336,Basal_vs_Her2
MIR3621,-2.1201306704269682,0.4500832350120736,-16.62760850952942,1.1404427395220961e-52,2.088722966157685e-51,108.76982104656584,Basal_vs_Her2
SNORD98,-1.92517773097242,-0.9689217125832276,-16.535213153228653,3.4533475005527966e-52,6.211056655670497e-51,107.6661646964704,Basal_vs_Her2
DM119512,-1.6505358311873943,-0.840334212156658,-16.48544180039358,6.265414328663504e-52,1.114842407235499e-50,107.0727763559898,Basal_vs_Her2
MIR4257,-1.807693102042382,1.8737961973781583,-16.446024950094984,1.0036775450132672e-51,1.7795701152717503e-50,106.60340225296876,Basal_vs_Her2
JA611305,-1.7265480865098417,2.3885056995061924,-16.434551471051297,1.1511229098193097e-51,2.0337860597514305e-50,106.46687084711628,Basal_vs_Her2
DQ579704,-1.3813207069629638,0.6349400094434406,-16.42669953602411,1.2642969320649515e-51,2.2258748803960414e-50,106.37345943813786,Basal_vs_Her2
MIR6793,-1.8155994905415473,-1.3630007430168607,-16.41098173524716,1.525282510201814e-51,2.6759342284242353e-50,106.18653097321223,Basal_vs_Her2
SNORA20,-1.4961208867023912,-1.4206035096336673,-16.344983809488397,3.351124076013682e-51,5.817923743079308e-50,105.40251002925112,Basal_vs_Her2
SNORA52,-1.7209993964504355,0.009681851668996084,-16.326726175677397,4.1653242959728254e-51,7.132404616391824e-50,105.18587058976682,Basal_vs_Her2
AK293147,-2.9515703624772502,1.8088063622006298,-16.31409272258345,4.841524174837378e-51,8.261986646480168e-50,105.03603009532225,Basal_vs_Her2
DQ590011,-2.992977264136314,4.572034866539214,-16.31083541821069,5.0329594564472094e-51,8.559454857903417e-50,104.99740499233803,Basal_vs_Her2
CYP2B7P,-2.1333962034980547,-2.0822458792737333,-16.295712098677686,6.025543563420573e-51,1.0178283046318534e-49,104.81811856308951,Basal_vs_Her2
SNORD102,-1.0777713427221063,0.9657940800923658,-16.28824032667954,6.585761792088444e-51,1.1087141064121959e-49,104.72956883711736,Basal_vs_Her2
CALML5,-1.3879818200109681,-0.7132294981562678,-16.27146545563411,8.040071573580284e-51,1.3490052975805845e-49,104.5308331720568,Basal_vs_Her2
MIR3159,-2.535088406959355,-1.0897911534674407,-16.20307755594914,1.8118207375659556e-50,2.999703207890655e-49,103.72159386660672,Basal_vs_Her2
SNORA31,-2.378499157920363,1.3774158046213498,-16.19796332213106,1.9251995726840698e-50,3.1768969846271783e-49,103.6611394522432,Basal_vs_Her2
SNORA24,-1.1464247960379645,7.846013908978962,-16.15290758585609,3.285077630784211e-50,5.385373165220018e-49,103.12892308964224,Basal_vs_Her2
MIR4472-2,-2.314010475553777,1.9618959751590734,-16.109591151492868,5.487564770066776e-50,8.966609101416301e-49,102.6178969823058,Basal_vs_Her2
PYDC1,-3.514254339271029,1.7431083915042782,-16.072222373550172,8.538810535039003e-50,1.377227505651452e-48,102.17754936139504,Basal_vs_Her2
RNY1,-1.6297418867118727,0.7128273173445835,-16.028729286917844,1.427667101915909e-49,2.2879280479421618e-48,101.66563329073028,Basal_vs_Her2
MIR429,-2.393053342427807,1.6648571086808657,-16.006844508465885,1.8486127098526865e-49,2.943650811867335e-48,101.408293231759,Basal_vs_Her2
TRNA_SeC,-2.0476645076778515,-1.5411686728409173,-15.955706009712348,3.3790409630727798e-49,5.3635570842425075e-48,100.80760565571785,Basal_vs_Her2
MIR3135B,-1.6537519315954337,-1.7325980783366393,-15.951966249124625,3.5312986759590826e-49,5.587497904998549e-48,100.76371280496625,Basal_vs_Her2
HTJA84,-1.2082768297299793,1.7149987758834724,-15.925913483066639,4.79977562506343e-49,7.570624014295631e-48,100.45807109459527,Basal_vs_Her2
PHGR1,-1.6720921774024766,0.7628459295108897,-15.843554948366041,1.2644454224976373e-48,1.9756959726525583e-47,99.49342649857024,Basal_vs_Her2
DCD,-2.157677532288393,-0.7670204425367707,-15.799605425331716,2.118220493697854e-48,3.268858786570762e-47,98.97963114976132,Basal_vs_Her2
SNORD67,-4.247283563992273,3.2569077522644245,-15.677164793097838,8.885161559994136e-48,1.3585873944945163e-46,97.5518451993206,Basal_vs_Her2
SNORA61,-1.8044151611708807,-0.8534387994700977,-15.63395113116442,1.471923188536067e-47,2.2301866492970716e-46,97.04921118302023,Basal_vs_Her2
JA783482,-1.0357376190930596,2.248230277593764,-15.501073011367003,6.920553447796443e-47,1.0267883453703921e-45,95.50790503817524,Basal_vs_Her2
MIR3908,-1.468057124975492,1.3222475590186877,-15.500500242802088,6.966787470598849e-47,1.0305898625146226e-45,95.50127525425532,Basal_vs_Her2
MIR4690,-1.6709295436137497,-0.3185370352218002,-15.491731905705292,7.714268673265163e-47,1.1296690072282234e-45,95.39979702073524,Basal_vs_Her2
SNORA48,-2.0598220102759424,0.6473930023394784,-15.462671879175755,1.0811885400067203e-46,1.5669399130532178e-45,95.06368057040268,Basal_vs_Her2
MIR6510,-1.4861334471327032,-1.3523081687589515,-15.458338640868496,1.136975113244022e-46,1.6430276202948294e-45,95.01358785402458,Basal_vs_Her2
AY671182,-1.6609912558499924,-1.0756216165385981,-15.453886986204672,1.1972765189877776e-46,1.7251823040169706e-45,94.96213346973207,Basal_vs_Her2
DQ581677,-2.0481616299706373,-1.8807120699965925,-15.44429503231144,1.338266582719581e-46,1.917287367793096e-45,94.8512899657558,Basal_vs_Her2
FDCSP,-1.3452653888617112,-0.23606898711389426,-15.434160544076592,1.50525303874383e-46,2.150361483919757e-45,94.73421406949494,Basal_vs_Her2
MIR3135A,-1.731093196763903,-1.6764412795784507,-15.419194450654262,1.790574881921156e-46,2.5434302300016424e-45,94.56139214471844,Basal_vs_Her2
SNORD50,-1.579421061587006,-1.7347823200461394,-15.39662295929205,2.3260308497823143e-46,3.2853543076021394e-45,94.30090407995483,Basal_vs_Her2
contactin 1,-1.8944738931430265,-0.5588073638127778,-15.385698791763101,2.639839272147081e-46,3.697253882558937e-45,94.17490111000136,Basal_vs_Her2
MIR3074,-1.9739580280197204,-1.4810570500810862,-15.327871821718599,5.154641896807735e-46,7.15922485667741e-45,93.50865007064412,Basal_vs_Her2
M87938,-1.9082597129684935,-0.8900387711118425,-15.311140366137739,6.254391219682994e-46,8.662591717012457e-45,93.3161137439289,Basal_vs_Her2
SNORA3,-2.1731277602280974,-0.9795666606825044,-15.270432015356283,1.0007789306621958e-45,1.374696333327192e-44,92.84810623143294,Basal_vs_Her2
AY006266,-1.5430318712534252,-1.915974463306237,-15.245791101825759,1.3297856252536663e-45,1.8137791417878359e-44,92.56512479685767,Basal_vs_Her2
MIR5684,-1.1932735537552253,1.6497774667088811,-15.245691488898219,1.3313138900722716e-45,1.8137791417878359e-44,92.56398128950057,Basal_vs_Her2
DQ576951,-1.7293802502968592,1.7160003432715054,-15.198046199319055,2.3050812123656955e-45,3.1234162769182864e-44,92.01747058303967,Basal_vs_Her2
CST5,-1.9894453263592575,1.1106120313580379,-15.177893122341072,2.906800325655797e-45,3.906989685021232e-44,91.78656794631719,Basal_vs_Her2
TRNA_Glu,-1.4164612965526755,-0.41832525113149893,-15.125805443211148,5.28991527669981e-45,7.053220368933081e-44,91.19049986773875,Basal_vs_Her2
DL492076,-2.1585222876020276,-1.7824055118253919,-15.023094801441063,1.7174364179465315e-44,2.2717412935800683e-43,90.01820436080386,Basal_vs_Her2
BMPR1B,-1.0970722142473808,2.0176008175472,-14.99667948453383,2.323409281714417e-44,3.057117475940022e-43,89.71737684744089,Basal_vs_Her2
SNORD15B,-1.0647107035869012,3.0631516935765313,-14.951960164070734,3.872985934672787e-44,5.069353317634538e-43,89.20872188106615,Basal_vs_Her2
TFAP2B,-2.0630131816492256,0.31404122020842695,-14.946540790264491,4.120183971150355e-44,5.378830249543544e-43,89.14713340443134,Basal_vs_Her2
DQ586243,-1.8297666817468068,-0.1045502458901355,-14.88716267600823,8.109638434884254e-44,1.0531997967382147e-42,88.47309314737129,Basal_vs_Her2
MIR4691,-1.50407366063963,-1.0870188438252189,-14.881704669899596,8.629853316747589e-44,1.117856647247097e-42,88.4112060331424,Basal_vs_Her2
CRABP1,-1.595588577547381,-0.9616746335744071,-14.879050702991336,8.894700149710899e-44,1.1491860658541214e-42,88.38111758457899,Basal_vs_Her2
SNORD97,-2.4178180872741155,0.3751983264146377,-14.87714500161614,9.089859201703932e-44,1.1713736084670016e-42,88.35951407479291,Basal_vs_Her2
SCGB2A1,-1.884145329701156,-1.5134749338797002,-14.876481202274158,9.158835251577742e-44,1.1772281814367277e-42,88.351989418733,Basal_vs_Her2
PVALB,-1.515986795879583,-1.5363400686541706,-14.862536192165983,1.0734789360635817e-43,1.3762550462353611e-42,88.19395307697663,Basal_vs_Her2
LTF,-2.832246726388878,1.3637132534943615,-14.82181724979496,1.7058602284473762e-43,2.1758421281216535e-42,87.73293767947625,Basal_vs_Her2
MIR4440,-1.2264932164204976,-0.4050614400145242,-14.793913695951845,2.342182719071991e-43,2.979876232916019e-42,87.41740101076184,Basal_vs_Her2
SNORA45,-1.4305142816684353,1.0306361125275645,-14.70749520489882,6.239589655931213e-43,7.799487069914016e-42,86.44216619986379,Basal_vs_Her2
MIR3677,-1.8484970033864638,-2.0473688391353235,-14.573032634564916,2.848803748283566e-42,3.4741509125409344e-41,84.93081414478735,Basal_vs_Her2
RP11-53O19.1,-2.0256654381728376,0.6514202389246795,-14.544493844324931,3.9284970728237403e-42,4.779193519250293e-41,84.61099881628358,Basal_vs_Her2
MIR7107,-1.9339080053082673,2.30730981369784,-14.537487281283656,4.2507795291693983e-42,5.146222190277722e-41,84.53253261027906,Basal_vs_Her2
Mir_544,-1.1686033126643494,1.6111595367526415,-14.517701208099197,5.3102964836044746e-42,6.41340155024695e-41,84.31105951606473,Basal_vs_Her2
TCN1,-1.6735998461128603,-1.4739532168276424,-14.510848597024097,5.735559397458279e-42,6.910312527058168e-41,84.23439365294111,Basal_vs_Her2
U2,-1.8889972947464702,-0.8132617158155825,-14.500242271513377,6.461647094564601e-42,7.766402757890146e-41,84.11577050577584,Basal_vs_Her2
CST9,-2.162588863914621,-1.3570378165822057,-14.480053733759018,8.106321609066335e-42,9.71981008281335e-41,83.89010802613669,Basal_vs_Her2
CGA,-1.4098790767026725,1.6631464196375538,-14.392941021021702,2.1523874481080032e-41,2.5623660096523847e-40,82.91834664625523,Basal_vs_Her2
MIR6894,-2.456113580615637,3.2801074475857734,-14.382323199531076,2.4239176263575887e-41,2.878762026552956e-40,82.80012147971522,Basal_vs_Her2
LINC00993,-2.6563098031709367,3.126271668737805,-14.377068363343485,2.5706691980653947e-41,3.038616073363351e-40,82.74162866740004,Basal_vs_Her2
MIRLET7I,-1.310055256795023,0.769388540145532,-14.332963639413522,4.208344046158654e-41,4.939370946195603e-40,82.25115102765947,Basal_vs_Her2
DQ587855,-1.8514677664413743,1.8279829665776366,-14.313348842420805,5.238398840597774e-41,6.119624813782447e-40,82.03328594978258,Basal_vs_Her2
SCGB3A1,-1.4720620058411866,0.9832013489164335,-14.242711913902799,1.1509100087365863e-40,1.3351624231282903e-39,81.2500739441965,Basal_vs_Her2
MIR5585,-1.1752887588255252,1.7858268341065069,-14.229009831773691,1.3404326239301773e-40,1.551426648067335e-39,81.09839571960632,Basal_vs_Her2
SCARNA4,-1.1648639962642715,4.959771517008437,-14.218039585040222,1.5143430217483661e-40,1.748663997399961e-39,80.9770165664252,Basal_vs_Her2
IGH,-1.1819361264854749,-0.3254526418911676,-14.167951011693521,2.6414093178023046e-40,3.022207457439708e-39,80.42347879265188,Basal_vs_Her2
VSTM2A,-2.32811216440454,0.38112279121033565,-14.14300817933281,3.4831925011079926e-40,3.9581732967136275e-39,80.14823759284249,Basal_vs_Her2
DQ598099,-1.5814459909190417,-1.413318370245441,-14.0540721229905,9.319737121602562e-40,1.0518890656436301e-38,79.1690528405997,Basal_vs_Her2
SNORA37,-1.7785208341516496,-1.4760637609246137,-14.019919695674911,1.3587610935211015e-39,1.5164744347333723e-38,78.79395943604672,Basal_vs_Her2
SNORA9,-1.2363590058388265,-0.7859693165115412,-14.003999072305685,1.619559141738688e-39,1.799510157487431e-38,78.61928073654657,Basal_vs_Her2
VTRNA1-1,-1.391401016406311,1.5857633045026185,-14.000529899520231,1.6826989590862736e-39,1.8655199102952035e-38,78.58123239394354,Basal_vs_Her2
CEACAM5,-1.5144047327872283,-1.1797270969110913,-13.971372081931188,2.3201538588098313e-39,2.5496196250657486e-38,78.26165359336701,Basal_vs_Her2
MIR1273F,-1.2195675656319795,-1.0486983991155008,-13.97093651399823,2.3313077195755298e-39,2.556258464446853e-38,78.25688249736828,Basal_vs_Her2
SYT13,-2.635316355250301,-0.7082795665413899,-13.942311394731615,3.194484384421309e-39,3.4874283672721717e-38,77.94351580793085,Basal_vs_Her2
MIR7-1,-1.26497921341197,1.6508771516972427,-13.935743319769331,3.4337435401747406e-39,3.7404613727393687e-38,77.871664929205,Basal_vs_Her2
SLC30A8,-1.6114861183233782,2.9024328958141634,-13.888573658475172,5.764902314620208e-39,6.225596452073659e-38,77.35622378381845,Basal_vs_Her2
SNORD51,-1.510914694076115,3.631426656272093,-13.830394019919865,1.0908071505426937e-38,1.1653922548533052e-37,76.72184984481717,Basal_vs_Her2
MIR1303,-1.7897489886230298,-2.101794137556881,-13.816600842218397,1.2685635601526987e-38,1.3524131771350733e-37,76.57167716287063,Basal_vs_Her2
MIR1273H,-1.5736216021067402,1.509615037203945,-13.811741551588598,1.3378317205401645e-38,1.4232252346171963e-37,76.51879235075187,Basal_vs_Her2
MIR6819,-1.0695366891376403,4.588470548353984,-13.74656957750065,2.7266254904777314e-38,2.8883744602518337e-37,75.81054713139807,Basal_vs_Her2
AF471215,-1.497206597150373,-1.7709878916036472,-13.741681507494283,2.875971706270591e-38,3.040139224387517e-37,75.75750489124975,Basal_vs_Her2
TFF3,-1.7884040599391617,-1.0383456895841907,-13.692643511284126,4.907510227171007e-38,5.154947717616604e-37,75.22598081532398,Basal_vs_Her2
SNORD94,-1.3864942783547947,0.5432425926831754,-13.681731252440596,5.52637047125653e-38,5.780722250268338e-37,75.10785265525486,Basal_vs_Her2
RNU12,-1.1770525173971857,-1.2180066705833037,-13.65439447555542,7.439588725247598e-38,7.749571588799582e-37,74.81216531951235,Basal_vs_Her2
FJ873995,-1.6002849007794,-0.5932448290038922,-13.64682854745702,8.077108686385904e-38,8.396162875661023e-37,74.73038960183234,Basal_vs_Her2
SNORA42,-1.5431279700186156,0.34379322466074386,-13.562172299346683,2.0230670764685e-37,2.0899453269302686e-36,73.81719782849038,Basal_vs_Her2
MIR4484,-1.0805078001533972,-0.9537937004626065,-13.559453431893752,2.0834985045449465e-37,2.143516979984513e-36,73.78792447431677,Basal_vs_Her2
DSCAM-AS1,-1.6761140569870097,-1.439310300070567,-13.554232321586618,2.2046334377682e-37,2.2634840223492812e-36,73.73171977835044,Basal_vs_Her2
SNAR-G1,-1.124062308987996,0.35866368385047104,-13.49127919001769,4.353445962360074e-37,4.433244360855473e-36,73.05503984940543,Basal_vs_Her2
MSMB,-2.809084290383133,3.8023166920774423,-13.438671291195636,7.676391249669146e-37,7.753930555221359e-36,72.49098867156769,Basal_vs_Her2
DL492225,-1.7544988127985148,2.683621490219619,-13.427644252615595,8.644054073579798e-37,8.713764187076408e-36,72.37292465790317,Basal_vs_Her2
MIR3653,-2.6000927867959045,1.4690481576364174,-13.42204285942388,9.181192240936956e-37,9.236611912411424e-36,72.31297384944268,Basal_vs_Her2
MIR5703,-1.521496771594987,5.302925222112911,-13.418301683711528,9.558334973598563e-37,9.596721861042735e-36,72.27294092736898,Basal_vs_Her2
MIR6751,-1.2283242094038618,-2.217405890893051,-13.397865347417735,1.1907881759596577e-36,1.1907881759596578e-35,72.05437649471637,Basal_vs_Her2
MIR6890,-2.0120215335526916,-0.6274724122143052,-13.281215422346174,4.159458681603349e-36,4.0939553952788866e-35,70.8106295866418,Basal_vs_Her2
MIR103A2,-1.3385943867199495,1.2010536829406873,-13.199532118312067,9.94808886813442e-36,9.639620996254283e-35,69.94359716576395,Basal_vs_Her2
MIR5691,-1.1265899882133106,-0.252084234191821,-13.183549787809945,1.1794382879858985e-35,1.1406559845124744e-34,69.77432976704372,Basal_vs_Her2
MIR4746,-1.0753157027167435,-0.659791996847359,-13.168000042637516,1.3917410571205839e-35,1.3407909991527783e-34,69.60976307599839,Basal_vs_Her2
SnoU109,-1.4418782712556566,3.4016235109938373,-13.163056568856266,1.4668999596187477e-35,1.410480730402642e-34,69.55746977361025,Basal_vs_Her2
AY006115,-2.1224980692611277,-1.4091427094294195,-13.14136788144713,1.8473783600656773e-35,1.7661360994891752e-34,69.32818228090062,Basal_vs_Her2
AK310094,-2.1335268364349353,2.2765347056269465,-13.121367697396128,2.2846859817309282e-35,2.180043875697451e-34,69.11694891978745,Basal_vs_Her2
SNORD19,-1.1872443331867824,-1.2866845493439383,-13.117593693153673,2.378090776700663e-35,2.2648483587625363e-34,69.07711146160567,Basal_vs_Her2
MIR4512,-1.2081447037953301,3.478143358287208,-13.022970492428405,6.479679631087508e-35,6.07849871584194e-34,68.08058035210296,Basal_vs_Her2
MIR4530,-1.0799553934197612,2.025706570663202,-12.993467871988036,8.84903292624243e-35,8.28561135415958e-34,67.77077545850848,Basal_vs_Her2
SNORA64,-1.9908799288052577,-0.260080067365111,-12.982731025570876,9.91070930122561e-35,9.22784851138325e-34,67.6581357900497,Basal_vs_Her2
SNORD55,-1.0437663856557786,-0.31972268671698423,-12.957176625578201,1.2975564359578248e-34,1.2059074683622906e-33,67.39027659297707,Basal_vs_Her2
CRISP3,-1.0034377291040606,-1.34789224668288,-12.9557656150476,1.31699354160461e-34,1.221700873473664e-33,67.3754959665679,Basal_vs_Her2
SNORD13,-1.3482523598913208,0.43260947993291377,-12.94462658645136,1.4809679432614587e-34,1.368731925380276e-33,67.25884720103915,Basal_vs_Her2
HW120529,-1.9120469926584627,2.0219894562153353,-12.93097673112763,1.7098526337759351e-34,1.5773548282065822e-33,67.11598931273899,Basal_vs_Her2
JN111512,-1.3396657601444197,2.0927599693535304,-12.928966064736153,1.746420979791435e-34,1.608122449163384e-33,67.09495376510716,Basal_vs_Her2
SNORD42B,-2.0589002059770003,0.010768797828758682,-12.919061122265134,1.9382478744724394e-34,1.778209059149027e-33,66.99135798555359,Basal_vs_Her2
DQ582057,-1.622677368560797,-1.0080108264256213,-12.913789358556338,2.0487544679508354e-34,1.8761487801747576e-33,66.93624063403367,Basal_vs_Her2
SOX10,-1.5344413059794935,-1.756975434391705,-12.913022790613809,2.065337258286111e-34,1.8878768357277068e-33,66.92822717054655,Basal_vs_Her2
DIO1,-1.2529104056759628,-1.1131912829893336,-12.883668293722813,2.8116653006981244e-34,2.5376040620019175e-33,66.62158599216052,Basal_vs_Her2
DQ571329,-2.8576959112147917,3.1760720031516327,-12.880098556670854,2.9190604532242696e-34,2.625054364410314e-33,66.58432551491333,Basal_vs_Her2
CXCL17,-1.0802815557374692,2.055353097199356,-12.874322237300165,3.1015562235380717e-34,2.784161780554822e-33,66.52404656893117,Basal_vs_Her2
PDZK1,-1.5459505271873728,0.3696043775515742,-12.864725851255324,3.4301849226224793e-34,3.0736424037835835e-33,66.42394030544388,Basal_vs_Her2
MIR1292,-1.2816066861168147,0.1774250716220578,-12.861531519152189,3.547088886934973e-34,3.172709201194073e-33,66.39062839131678,Basal_vs_Her2
VTRNA2-1,-1.8274545409822684,-1.541619007683932,-12.849585042980438,4.020545783565244e-34,3.589773021040397e-33,66.26609078677986,Basal_vs_Her2
V alpha 1,-1.6629056285029913,-1.5468877775585672,-12.83695079961877,4.589833703033238e-34,4.08348194220039e-33,66.1344617566229,Basal_vs_Her2
KLK5,-1.3054731776862947,0.0729400916712114,-12.81138191992125,5.999048704445478e-34,5.3183055890474094e-33,65.86832076874515,Basal_vs_Her2
PGR,-1.6704494702870132,0.6057130652750344,-12.767214895519382,9.519543725529373e-34,8.292285475199803e-33,65.40937581826967,Basal_vs_Her2
MIR650,-1.164383458713509,-0.9657121355047796,-12.76070310578188,1.0189338190777922e-33,8.860294078937323e-33,65.3417948280844,Basal_vs_Her2
CST4,-1.8811647023360534,2.3367847121658487,-12.739855487580312,1.2665549143189804e-33,1.0956357390302598e-32,65.12557823283007,Basal_vs_Her2
CYP4Z2P,-1.2073755477074373,5.011440513096216,-12.713851021047947,1.660881841629524e-33,1.4342675661740273e-32,64.85618928432424,Basal_vs_Her2
AF200429,-1.0314127594110298,3.673114721197975,-12.700132162068623,1.9159328490919735e-33,1.6488234501652094e-32,64.71421035406941,Basal_vs_Her2
PPP1R1B,-1.2620408324646368,2.0595201911393346,-12.660438870258174,2.8950379919052762e-33,2.4828799244470636e-32,64.30396083909223,Basal_vs_Her2
ABCC11,-1.7983840169083651,0.9300293163453568,-12.63808568072073,3.651397245414584e-33,3.1155266599100546e-32,64.07328620671986,Basal_vs_Her2
BC016831,-1.3009221082845812,1.5817474567059595,-12.597143109650712,5.582240311422679e-33,4.754889532728006e-32,63.65144617755755,Basal_vs_Her2
DQ586451,-2.5659858977055836,0.28590055202232956,-12.59043677994294,5.983692065129174e-33,5.079534860041743e-32,63.58243206209247,Basal_vs_Her2
DKFZp686O16217,-1.3487097721131416,-0.41705102314705284,-12.54439400230409,9.633174092739092e-33,8.122406486289285e-32,63.109240856614754,Basal_vs_Her2
TRNA_Arg,-1.1340318557420637,0.39948481981520406,-12.521915814896154,1.214948505201749e-32,1.020965130421638e-31,62.87862845135502,Basal_vs_Her2
MIR4641,-1.1794194264884295,2.059034510483294,-12.472647593539058,2.0187029504219483e-32,1.682252458684957e-31,62.37408987127916,Basal_vs_Her2
TRNA_Leu,-1.6162937020291714,4.875222829338691,-12.379047169147643,5.278401114867839e-32,4.355116431409108e-31,61.41907294138908,Basal_vs_Her2
DQ601612,-1.1383329157607252,0.3455660047729808,-12.378039309541256,5.333181311024121e-32,4.393065330332884e-31,61.40881478978968,Basal_vs_Her2
SNORD9,-1.4538652945452823,-0.049184813788657494,-12.304425409115165,1.1320576228083652e-31,9.263974000068456e-31,60.66101927973789,Basal_vs_Her2
PROM1,-1.4987826520871905,-1.3819033883056155,-12.29941449099866,1.1914464171889238e-31,9.734039356118658e-31,60.61022150518858,Basal_vs_Her2
TRB,-1.3719685290496615,0.5444360650124228,-12.294272023058722,1.2556178645259506e-31,1.024158127672064e-30,60.558104092400804,Basal_vs_Her2
LCN2,-2.2363335186375597,2.8140346577290822,-12.23039682317188,2.406254190884156e-31,1.9436625128304974e-30,59.91192728907897,Basal_vs_Her2
DQ582269,-1.0299079087843448,-0.9413901079973638,-12.206119588988363,3.079354270348501e-31,2.4793512643707736e-30,59.66690747455626,Basal_vs_Her2
WFDC2,-1.4125056991742917,-0.5504263575841583,-12.201664574889106,3.2218230210557605e-31,2.5898898883084893e-30,59.62197937782246,Basal_vs_Her2
MIR8066,-2.3057568460582036,5.221794140443264,-12.176438596689225,4.161363447297436e-31,3.3397780475902375e-30,59.367781451696665,Basal_vs_Her2
SNORA16A,-1.6813787138183383,1.1865781515005511,-12.1659265291522,4.629173156891152e-31,3.6915256434538694e-30,59.261954604322334,Basal_vs_Her2
DQ269213,-1.3715119119177295,-0.6272947682512454,-12.090383827199148,9.936672441954075e-31,7.848872387009539e-30,58.50321546148361,Basal_vs_Her2
HOXB-AS3,-1.3417171773539527,-2.115640920199993,-12.052319565579625,1.4584487693628903e-30,1.1465792211972407e-29,58.12208131126537,Basal_vs_Her2
MIR6878,-1.7027081713067125,1.9318357009654679,-11.997808110220959,2.5232302385745912e-30,1.968198314020742e-29,57.57764449121809,Basal_vs_Her2
U55124,-1.3165136518295588,-0.5962833186776515,-11.994024523645084,2.6209263221573072e-30,2.041219877069554e-29,57.53991624693901,Basal_vs_Her2
MIR1238,-1.1171699962472794,2.850224122157423,-11.976830401229726,3.1144789185686182e-30,2.421834306818521e-29,57.36856341341724,Basal_vs_Her2
NLRP2,-1.9218697740424562,4.316047110824215,-11.960613899533673,3.664304422216974e-30,2.836148933604469e-29,57.20710269931856,Basal_vs_Her2
AJ236552,-1.121206700223048,-0.9815475933687069,-11.941220303528784,4.4498861479032386e-30,3.4282635962274564e-29,57.01419974825567,Basal_vs_Her2
AK097370,-1.302451363715527,0.6228084252838966,-11.930367881429396,4.960384387337625e-30,3.8156802979520197e-29,56.9063443738301,Basal_vs_Her2
INSM1,-1.3300594003502781,-0.7234573732306756,-11.90791296399005,6.208966251260253e-30,4.768791283610025e-29,56.68338634058697,Basal_vs_Her2
MIR548Z,-1.1485439558319221,2.5097046078937395,-11.867239524902143,9.318074637782983e-30,7.123910273534391e-29,56.2802471727934,Basal_vs_Her2
SNORA13,-1.6509685262412543,3.9352118390588666,-11.826852366213085,1.3931600584764824e-29,1.0570258410291975e-28,55.880857838831226,Basal_vs_Her2
ADIPOQ-AS1,-1.2183054506636775,-0.4063606284497297,-11.820575812416108,1.4829007259551747e-29,1.1234096408751324e-28,55.818870739654905,Basal_vs_Her2
RNU6-30P,-1.1685428007423415,2.2181181088412467,-11.719078250714295,4.0570068992108455e-29,3.036681810786561e-28,54.8195550019037,Basal_vs_Her2
FOLR1,-1.1433390077306536,0.8243764652682698,-11.688132036997125,5.507802240039692e-29,4.079853511140513e-28,54.51602364604471,Basal_vs_Her2
PI15,-1.497884806872199,-0.484128354594021,-11.672471740754522,6.428047684281896e-29,4.731436994783145e-28,54.36262881529944,Basal_vs_Her2
C2orf54,-1.3160349146755461,0.4910864919988082,-11.66578382592446,6.866209835913514e-29,5.041270070421082e-28,54.29716217220087,Basal_vs_Her2
SNORA49,-1.175535393759704,0.2459833851064195,-11.569771268855872,1.764587324380163e-28,1.2731510276913153e-27,53.360124879581946,Basal_vs_Her2
MIR4273,-1.2982992032226517,-0.07595465710992849,-11.56749317491993,1.8044383439764672e-28,1.300027625343276e-27,53.33795578499699,Basal_vs_Her2
AK128525,-1.1069606767554372,-0.6715505860595165,-11.555547335695316,2.028523644997657e-28,1.4593695287752928e-27,53.2217545345308,Basal_vs_Her2
KLHDC7A,-1.2805172971996717,-2.079505892549118,-11.544601849704009,2.2580317852966577e-28,1.619821940671921e-27,53.11535601646388,Basal_vs_Her2
PI16,-1.3430149950215289,-1.0779025733832055,-11.539179324372634,2.3811159034449036e-28,1.703230259974895e-27,53.062670423699615,Basal_vs_Her2
S100A9,-1.0628444079073789,-0.28225533511074846,-11.524623557004151,2.7454873457652803e-28,1.9582648685914982e-27,52.92132935379791,Basal_vs_Her2
CASP14,-1.186472075148561,0.9614658226120636,-11.41153232464763,8.265903008310315e-28,5.804707168757243e-27,51.82734899824337,Basal_vs_Her2
GATA3-AS1,-1.1157280531300253,3.101533870905592,-11.40561575358148,8.75478098421996e-28,6.139397604642328e-27,51.77031975257411,Basal_vs_Her2
MIR4449,-1.6729369851840403,-1.5302088545098693,-11.393964508236891,9.803078691328804e-28,6.864901044347901e-27,51.65807418116976,Basal_vs_Her2
CHST8,-1.4053951536373104,0.0926920239115282,-11.392309492701456,9.961773242127032e-28,6.966274994494428e-27,51.642136540248664,Basal_vs_Her2
GPD1,-1.4454422114947336,0.34527403468037987,-11.36173727810122,1.339810529424244e-27,9.278466270250997e-27,51.34801666313547,Basal_vs_Her2
THRSP,-1.1742131895685595,-1.76493555797922,-11.30826049565885,2.2470511036613207e-27,1.5433043294377203e-26,50.83485908341704,Basal_vs_Her2
TUBA3D,-1.051052850971746,4.2341638423457875,-11.303311436034974,2.3570000417577594e-27,1.616598108201481e-26,50.78745329886871,Basal_vs_Her2
SLPI,-1.287319543318964,-0.31561116306096965,-11.21162843006822,5.6961164947198e-27,3.864393822740706e-26,49.911857633609365,Basal_vs_Her2
CYP4F22,-1.540724563761017,-1.302093430485971,-11.180674642307325,7.664413858441953e-27,5.178658012460779e-26,49.61736504171108,Basal_vs_Her2
SNORD23,-2.418235740022474,-0.2879013016984417,-11.158034524802423,9.519278925270921e-27,6.414608440209515e-26,49.40232906996469,Basal_vs_Her2
LOC101054525,-1.2672348346833366,-1.9230681863886347,-11.13564649575898,1.1791047714525206e-26,7.924091205998122e-26,49.18998791941476,Basal_vs_Her2
SFRP1,-1.6316143966751933,0.2755716471585568,-11.044041894523657,2.821813287791482e-26,1.8762056434783788e-25,48.32428191776741,Basal_vs_Her2
TPSG1,-1.0489187030414233,0.5162632335883534,-11.025702217020028,3.3584702487094465e-26,2.2271022869426036e-25,48.151569420117355,Basal_vs_Her2
ASCL1,-1.0310444688568694,1.093248184107402,-11.009417052538321,3.919324877315242e-26,2.592146082880451e-25,47.99837524948925,Basal_vs_Her2
BC128410,-1.6207544669223561,5.565174985585966,-10.990269579829649,4.6987411085143344e-26,3.1035278127571563e-25,47.81846041791508,Basal_vs_Her2
LPPR3,-1.7367223720075626,-1.8848483096763735,-10.851026722595726,1.7455799887907826e-25,1.1276356516736323e-24,46.51679637956941,Basal_vs_Her2
MIR21,-1.0973343994657867,-0.649348764909706,-10.841431694253739,1.9099766874451571e-25,1.2322430241581658e-24,46.42753655387628,Basal_vs_Her2
SCARNA8,-1.3553210677203675,-1.2405572585933038,-10.81726703014545,2.3953175329729903e-25,1.541388373856493e-24,46.202989892464934,Basal_vs_Her2
DQ599370,-1.458033251371885,-1.1258681629141434,-10.815613906592544,2.432678155528954e-25,1.5634178377435436e-24,46.187641591393266,Basal_vs_Her2
MIR6736,-1.2877463614943077,-1.2128817207938707,-10.801211731635656,2.7836402823211106e-25,1.7866754058543715e-24,46.053996803331884,Basal_vs_Her2
DQ596816,-2.2305211119404262,1.6123372506334077,-10.798365383360961,2.8587344231034398e-25,1.8325220660919487e-24,46.027599261747405,Basal_vs_Her2
X72455,-1.2798711435613161,-0.9838275463639233,-10.767819905027787,3.8027907073380063e-25,2.4314518589117687e-24,45.744629382289816,Basal_vs_Her2
POTEKP,-1.1722740990414615,1.6480104281591008,-10.709060038265342,6.573667166734822e-25,4.181722116243525e-24,45.20190619229403,Basal_vs_Her2
BRINP3,-1.4620511740921598,-0.26269573716317307,-10.708627996736023,6.60012386573408e-25,4.193217195510851e-24,45.19792365496424,Basal_vs_Her2
DQ598454,-1.2462062184379736,-1.596889878693219,-10.679491179366362,8.651230496301824e-25,5.46163541433196e-24,44.92960955723523,Basal_vs_Her2
MIR3960,-1.2031974911867382,2.250677800715112,-10.566830186774192,2.4511630049631883e-24,1.526253427747938e-23,43.89712432088108,Basal_vs_Her2
IGJ,-2.1624641119210835,-1.8270181364004214,-10.559274108737407,2.6277580231315382e-24,1.6341778750818026e-23,43.82816100313217,Basal_vs_Her2
SNORD116-8,-1.2092860623429613,-1.1790825050771436,-10.541999239925573,3.0803611444821113e-24,1.910894010224635e-23,43.67063050802462,Basal_vs_Her2
MIR3661,-1.0732962261026664,1.1582876183225486,-10.539333953496826,3.156768854486896e-24,1.953446073321099e-23,43.646342343043145,Basal_vs_Her2
LRRC31,-1.152824638229995,-0.008212404150016867,-10.517458438597336,3.859297653699018e-24,2.376414811391021e-23,43.447164829380405,Basal_vs_Her2
MIR2117,-1.1873730127966609,3.1612517712675587,-10.511243715879111,4.08579325899279e-24,2.5127879821603873e-23,43.3906345821764,Basal_vs_Her2
X01410,-1.1441048186857026,0.2994575910826027,-10.51071548732557,4.105642256499503e-24,2.521893277948098e-23,43.38583084385104,Basal_vs_Her2
HOXC12,-1.1894867820749413,0.5519470449075757,-10.499120665585059,4.566268616463745e-24,2.801391789241561e-23,43.280431328000546,Basal_vs_Her2
KLK6,-1.452983342457544,1.233230617896417,-10.421460367498952,9.288180757579583e-24,5.649744986362277e-23,42.576677264642235,Basal_vs_Her2
CCL21,-1.113470776217617,0.9029830838612907,-10.387729304524717,1.2628652911262798e-23,7.653729037128968e-23,42.27220215428352,Basal_vs_Her2
SNORA18,-1.29581872648894,4.925069931954565,-10.371993833658953,1.4571152353786148e-23,8.809644712083523e-23,42.13041344881633,Basal_vs_Her2
HOXB13,-1.2781012048074043,0.4399056245265859,-10.331851330643808,2.0975064277538688e-23,1.2485157308058743e-22,41.7694159644476,Basal_vs_Her2
COL11A1,-1.032064473790948,2.7068747120144425,-10.329637558118247,2.140007795119778e-23,1.2722995214743032e-22,41.74953776884533,Basal_vs_Her2
MIR6791,-1.1110160060756826,-0.7399167721503556,-10.323003884022159,2.272549670389811e-23,1.3494950536756598e-22,41.68999064280948,Basal_vs_Her2
SAA2,-1.1681453943540188,3.9257276692076557,-10.289109240788118,3.087962656332255e-23,1.8185881368270054e-22,41.386176829971326,Basal_vs_Her2
RIMS4,-1.1105677412888004,0.44729181646051874,-10.260824919260031,3.986096582320041e-23,2.3310506329356966e-22,41.13321695232285,Basal_vs_Her2
SERPINB5,-1.4032557564628645,-1.2739988454660405,-10.249614995971307,4.4099140695277413e-23,2.5698799938972855e-22,41.03310414743939,Basal_vs_Her2
SNAR-G2,-1.1029682270163903,0.10856364201429838,-10.245166359492638,4.590237060279591e-23,2.6656428921484273e-22,40.993397064451834,Basal_vs_Her2
X17676,-1.0281056085290399,0.185629030528417,-10.241229889468322,4.755889162820815e-23,2.7586364053485003e-22,40.95827207583627,Basal_vs_Her2
TSPAN1,-1.0581473400394799,1.099673390442534,-10.223156747672057,5.595845353893633e-23,3.230857594626809e-22,40.79713464302233,Basal_vs_Her2
SNORD116-29,-1.1772106697523217,-1.1962382813789707,-10.217759668126394,5.874098094080199e-23,3.3875998235756625e-22,40.74905607072864,Basal_vs_Her2
TMPRSS6,-1.5613754274848977,-0.08884094255639682,-10.19391432847135,7.277130175999477e-23,4.1870714476406655e-22,40.536861555626665,Basal_vs_Her2
SCARNA20,-1.2276230240862822,-1.904549402303056,-10.189548336960259,7.567884153745645e-23,4.344365185847099e-22,40.498049483344396,Basal_vs_Her2
SNORD116-1,-1.1826920059641388,0.5353345042639728,-10.164336895214973,9.486810644912932e-23,5.421034654235961e-22,40.274171130253734,Basal_vs_Her2
MIR3180-5,-1.9151075971113078,-0.3024174048481847,-10.158478817316189,9.997694581300072e-23,5.706446678824242e-22,40.222210391390966,Basal_vs_Her2
ADIPOQ,-1.1016776512809554,-0.4306352394512819,-10.110187858193848,1.5392846677021516e-22,8.716221221416486e-22,39.79472492285507,Basal_vs_Her2
AF086165,-1.0666252320395897,2.6453216402066873,-10.090202243345766,1.83947265989451e-22,1.0392500903358815e-21,39.61825199904558,Basal_vs_Her2
MIR6835,-1.5544353107840385,-1.2336798435720615,-10.080633473382965,2.0030846212883582e-22,1.1283221987546813e-21,39.53385231328349,Basal_vs_Her2
BRINP2,-1.4053296966955413,1.742150329208801,-10.07105935768291,2.1812239377903814e-22,1.22540670662381e-21,39.449465505944055,Basal_vs_Her2
SCARNA16,-1.1967031834525519,2.167687994256048,-10.046233888732267,2.719713402615894e-22,1.5245030283721378e-21,39.230932444208364,Basal_vs_Her2
TFPI2,-1.5381545839089799,1.2909237280827064,-10.032176594480376,3.081098597988484e-22,1.7193630569132165e-21,39.10736870568491,Basal_vs_Her2
DQ586086,-1.6307467558857376,0.4782164348223179,-9.996713382518243,4.218401588725615e-22,2.328036196868441e-21,38.79622462488739,Basal_vs_Her2
HOXC10,-1.0148408903302908,1.4396922943260722,-9.9926688682123,4.372062892008001e-22,2.404875078112212e-21,38.7607918689807,Basal_vs_Her2
AARD,-1.03743627199672,-1.036091667320504,-9.981283119987328,4.8350850539900935e-22,2.6566401395549963e-21,38.66110277759911,Basal_vs_Her2
U4,-1.149248388002257,-0.7569040744289298,-9.950069975225484,6.368907984524891e-22,3.484085330702894e-21,38.38825221139645,Basal_vs_Her2
SDR16C5,-1.1026223957901706,-1.4869685534194121,-9.921628001995742,8.182045380057596e-22,4.451602491870292e-21,38.14018763115193,Basal_vs_Her2
MIR95,-1.2234592143168577,-1.084035277458639,-9.918093702122379,8.440445028406937e-22,4.58221771357597e-21,38.10939973082583,Basal_vs_Her2
MIR4470,-1.694091496553364,1.1119240822047807,-9.896598005170434,1.0195706407963008e-21,5.52313456552709e-21,37.922325670504335,Basal_vs_Her2
WNK4,-1.0103497239240857,-1.7044129458885575,-9.85129364253921,1.516769624794202e-21,8.137176098681341e-21,37.52905512508399,Basal_vs_Her2
MT1G,-1.7876857059370526,2.7906524691599155,-9.82889498762403,1.844969442830789e-21,9.876710079393944e-21,37.335126449643816,Basal_vs_Her2
TMPRSS4,-1.3827024078603412,0.3945046138790327,-9.8189702678937,2.0120426487187417e-21,1.073662032400609e-20,37.24930496032003,Basal_vs_Her2
RASSF10,-1.7087825893193334,3.9777906922293553,-9.800980664853839,2.353999201590262e-21,1.2521272348884372e-20,37.093912527004356,Basal_vs_Her2
SNORA69,-1.6565753463985415,1.3255690189481668,-9.774781572235952,2.9574559025511308e-21,1.5681102346506527e-20,36.86799539119143,Basal_vs_Her2
NPY5R,-1.1397113501975165,-0.24421770127810968,-9.76817493626915,3.1324221340904588e-21,1.6573662085134704e-20,36.81109852396013,Basal_vs_Her2
MIR6865,-1.0585597557935393,0.09032692672990711,-9.654630841832626,8.373779612360118e-21,4.3887733817401043e-20,35.83784512006824,Basal_vs_Her2
AX813477,-1.0551354921076448,2.5477618923237157,-9.63580647174442,9.848273101760066e-21,5.145388245433682e-20,35.67733313752609,Basal_vs_Her2
MIR3939,-1.219169612620612,0.33113990800928744,-9.575655035641224,1.6510089629149468e-20,8.554450585051537e-20,35.16604779195637,Basal_vs_Her2
CITED1,-1.3534280952074325,0.02997678494432158,-9.575224062272667,1.657117623143835e-20,8.577213370309705e-20,35.16239342665001,Basal_vs_Her2
SYT8,-1.1995250200459915,0.24220566335997654,-9.455727967912125,4.59168933396454e-20,2.328442867121978e-19,34.15405206162735,Basal_vs_Her2
CHGA,-1.185208033321744,1.8654783358601068,-9.440086998335087,5.243209038663136e-20,2.6561342647736255e-19,34.022795278292996,Basal_vs_Her2
DARC,-1.0575173992706868,-1.6318181457424885,-9.393021556042104,7.808384177236955e-20,3.943628372341896e-19,33.6288474438843,Basal_vs_Her2
CD79A,-1.3715949864958246,0.4222908373340126,-9.34484959617462,1.1719612629813122e-19,5.889252577795539e-19,33.22722583232636,Basal_vs_Her2
PRR4,-1.22107674201963,-0.7106249066780137,-9.343933727333122,1.181026073712889e-19,5.928845751570728e-19,33.21960560640831,Basal_vs_Her2
DQ590189,-1.0421079419849857,2.413769498808374,-9.318861861356591,1.458027060573968e-19,7.297432735605445e-19,33.01122880759258,Basal_vs_Her2
UBD,-1.8805123290850694,0.4239140452216738,-9.230136172416733,3.062589634805096e-19,1.5131371713463913e-18,32.277334211007606,Basal_vs_Her2
DQ575757,-1.0439003353835783,4.040418005929528,-9.210140052884748,3.6174789603711936e-19,1.782009340084332e-18,32.112696936485115,Basal_vs_Her2
ABCA12,-1.0478623130749194,-1.2602693626188721,-9.195071088975334,4.1003852881260354e-19,2.011965303300312e-18,31.988812663296322,Basal_vs_Her2
C2orf72,-1.040359912891946,1.2482604041443324,-9.113404049862218,8.064213740643866e-19,3.888241919307553e-18,31.32019636025594,Basal_vs_Her2
SNORD37,-1.8569612429228115,0.1760152073036088,-9.049122564224914,1.3688377557832435e-18,6.524488826421561e-18,30.797233326207383,Basal_vs_Her2
RNA18S5,-1.1081748024608111,-0.4195694018859194,-8.973237482843814,2.5468783955468255e-18,1.2024921603148373e-17,30.183649450499573,Basal_vs_Her2
MIR762,-1.4776191193529171,0.2884455368376735,-8.952710986484178,3.010560432214912e-18,1.4147370452137743e-17,30.01838457017218,Basal_vs_Her2
MYL7,-1.0323832900573884,-1.641212828896035,-8.938784925825713,3.3717519262092225e-18,1.5814971511300293e-17,29.906433419402255,Basal_vs_Her2
SBSPON,-1.1802463084671577,0.17876709220715267,-8.929624751573629,3.6323786439722795e-18,1.7021455688717337e-17,29.832870824286523,Basal_vs_Her2
AK090788,-1.1313248784614367,-2.018900338906633,-8.869145893194709,5.929758202048835e-18,2.752905386280796e-17,29.34869507657364,Basal_vs_Her2
AFF3,-1.0071502895514053,-1.5722663172436764,-8.752833264955292,1.510837561148752e-17,6.924095147336168e-17,28.42494518653399,Basal_vs_Her2
DQ582813,-1.445136759205038,-1.5084070021345597,-8.746189057197146,1.5932873427530374e-17,7.288597176363392e-17,28.372473057682214,Basal_vs_Her2
SLC13A2,-1.1361650667828485,0.17507319220695225,-8.726875591922429,1.8590666627789944e-17,8.496648367362863e-17,28.220128622664248,Basal_vs_Her2
TCRAV2S1J22,-1.1649062822509608,-1.3241289319796212,-8.714858951296302,2.04608560803634e-17,9.342856657700184e-17,28.125478422067587,Basal_vs_Her2
SNORA70,-1.8859474256051096,1.307393787445105,-8.704007001012425,2.230895875186007e-17,1.0168167161285355e-16,28.040092379974418,Basal_vs_Her2
KIF1A,-1.7772618592349188,3.361063429260412,-8.698514011294606,2.3306390367307014e-17,1.0613110367626146e-16,27.996904785055058,Basal_vs_Her2
S100A2,-1.234396467123576,-0.06518762985999457,-8.68600340871388,2.57456484662602e-17,1.1691938449709446e-16,27.898624661029103,Basal_vs_Her2
DQ581622,-1.0231710441407562,-1.0727633814554103,-8.662295608649728,3.108060833335804e-17,1.4089124357823227e-16,27.712695595551473,Basal_vs_Her2
GRIK3,-1.0850556867805188,-2.244694201727743,-8.655278653103256,3.2859622502533845e-17,1.4868607467209884e-16,27.657743703146053,Basal_vs_Her2
TCL1A,-1.0688978610242708,-0.39459780927875976,-8.630771435189883,3.9899566414643545e-17,1.7988983956106197e-16,27.46610294515127,Basal_vs_Her2
MMP10,-1.2333433207448439,0.4244645466439289,-8.506849242812608,1.0577538886025934e-16,4.65560690406071e-16,26.50381445150437,Basal_vs_Her2
LGALS7B,-1.2110356957103394,-0.6363729381832147,-8.424754229667265,2.0055079955884554e-16,8.712024307508494e-16,25.872569478105632,Basal_vs_Her2
SIX1,-1.2447753333769953,-0.4307065666792808,-8.362088880736968,3.2573966772559135e-16,1.393240666063265e-15,25.39409346305827,Basal_vs_Her2
C5orf46,-1.5635359589318432,0.016660556715767594,-8.360689521293978,3.292761538630286e-16,1.4071630506967032e-15,25.38344219270619,Basal_vs_Her2
PPP1R1A,-1.1860242807620327,1.797015949828928,-8.262407290086472,7.004363466475449e-16,2.9604241193894545e-15,24.639029744965192,Basal_vs_Her2
X60139,-1.156524240676458,0.38413371985898287,-8.256665018129397,7.318563904517022e-16,3.088001647475537e-15,24.595760506263126,Basal_vs_Her2
DQ588584,-1.913922868471578,1.4868427148905827,-8.256397972144399,7.333509731372716e-16,3.091698874946339e-15,24.59374886144093,Basal_vs_Her2
BCAS1,-1.1526319930883122,-0.42390461951532393,-8.233480768261263,8.734966745700366e-16,3.667072521284789e-15,24.42131455067785,Basal_vs_Her2
CNTD2,-1.2566722472047112,-2.4556421359933935,-8.07523966685274,2.891160418359494e-15,1.1878226862610904e-14,23.241502306217804,Basal_vs_Her2
CCL28,-1.1094898080455546,0.5036855092262579,-8.073838593768086,2.921719288509705e-15,1.1993921545606342e-14,23.23114105127275,Basal_vs_Her2
MTRNR2L1,-1.7193546257670567,0.6165026699514481,-8.064711191999193,3.1287468178815543e-15,1.2800267826161214e-14,23.16367842685196,Basal_vs_Her2
IRX1,-1.1386119083435413,-1.92765400944772,-7.971285059456532,6.282659217306993e-15,2.5374229472160716e-14,22.47680228719215,Basal_vs_Her2
KCNE4,-1.2739636171567617,2.402080388341569,-7.928222589307172,8.64453116147311e-15,3.457812464589244e-14,22.162454206981103,Basal_vs_Her2
MIR548AE1,-1.1505194087657151,-0.5327834766261523,-7.909028086237298,9.961487381408154e-15,3.97822978490741e-14,22.02279701508337,Basal_vs_Her2
HP,-2.022970424141881,1.7250985697431174,-7.818206422401774,1.9412135843147656e-14,7.636560127123389e-14,21.365840016408768,Basal_vs_Her2
TTC36,-1.1433837801455384,4.174998553017915,-7.69430201153631,4.7750930123041874e-14,1.8408222869329944e-13,20.479888204699108,Basal_vs_Her2
MIR1226,-1.2949174581763296,0.10527062952402517,-7.689130258222791,4.9566447503089756e-14,1.907869418902608e-13,20.44316857356933,Basal_vs_Her2
DES,-1.5661840145748662,0.8752047994461021,-7.660528910841335,6.090475277167428e-14,2.333515431864915e-13,20.240475310972627,Basal_vs_Her2
CDC20B,-1.8473776069311847,3.326208692075521,-7.646573039578327,6.732953717505514e-14,2.567869457477313e-13,20.141804468744127,Basal_vs_Her2
SNORA25,-1.0328573211931404,-1.2687946531292875,-7.602399195583031,9.239294595094025e-14,3.491796899128505e-13,19.830492305040487,Basal_vs_Her2
SCRG1,-1.1510237118995725,3.995114130031459,-7.554092042158071,1.3037250564864821e-13,4.882865380099184e-13,19.491804886419864,Basal_vs_Her2
STC1,-1.0356294932652745,-2.0799201251610557,-7.4121425063262025,3.548949153542592e-13,1.302844770022978e-12,18.507234308807597,Basal_vs_Her2
KCNG1,-1.0666979509179613,2.768761365412386,-7.159350415858556,2.0311771180112994e-12,7.202755737628721e-12,16.793583658286586,Basal_vs_Her2
RNU4-2,-1.3134722931687008,4.352675924944344,-7.1036732198976305,2.962718144986364e-12,1.0380932533238837e-11,16.423054613865048,Basal_vs_Her2
DJ439531,-1.4741670801739493,2.003379005582184,-7.101401899876287,3.0085394341843835e-12,1.0534101660309466e-11,16.407992301554337,Basal_vs_Her2
MIR6884,-1.1010529941836016,0.7875972384006799,-7.0501012117988635,4.250396274443187e-12,1.4799429924941457e-11,16.06890407357575,Basal_vs_Her2
PCDHA12,-1.0750204681524407,-0.26242288685194354,-7.018407861380131,5.256438956683185e-12,1.8213579198486433e-11,15.860484285890903,Basal_vs_Her2
GPX2,-1.1299081406051914,-0.4543522837056175,-6.968888773164673,7.313956279299864e-12,2.511660810199129e-11,15.536476348974015,Basal_vs_Her2
NKX3-1,-1.0211632123997456,0.2355788233382608,-6.936672186376871,9.057975998305648e-12,3.0999233395981e-11,15.326754063207778,Basal_vs_Her2
PTHLH,-1.2823245059971147,-0.8963072188678938,-6.860059081226622,1.5012655577898645e-11,5.068418493551197e-11,14.831431456126113,Basal_vs_Her2
JX046910,-1.2706292372108872,5.3345735547338595,-6.833259083603052,1.78950687591107e-11,6.021220982204138e-11,14.659299430372313,Basal_vs_Her2
X04923,-1.2772897552725533,2.1412297418354624,-6.797557708112256,2.259201039851572e-11,7.565978030313369e-11,14.43091280510656,Basal_vs_Her2
ANXA8L2,-2.9045949886879394,-1.0976742068271916,-6.77679141650255,2.5859938172870436e-11,8.619979390956812e-11,14.298550892872703,Basal_vs_Her2
CMA1,-1.1759187531422413,-0.5144425624997985,-6.276467137132477,6.030128452295074e-10,1.8577105521549829e-09,11.218027667299163,Basal_vs_Her2
MALRD1,-1.0134329901698993,5.981362733444085,-6.108189693988055,1.660740915306779e-09,4.981226500620213e-09,10.229336957261028,Basal_vs_Her2
IGSF21,-1.6370191254287894,1.1088673151031463,-5.329689250798963,1.3233566205291986e-07,3.613753742570176e-07,5.973662379069843,Basal_vs_Her2
CCDC74B,-1.370626755988363,-0.4438738473218939,-5.065941121609974,5.18839370478176e-07,1.3589297288585019e-06,4.652895515483095,Basal_vs_Her2
DSCR8,-1.215991783342633,-1.7825505236170176,-4.992109295017207,7.524270824194246e-07,1.955371835809316e-06,4.294325991538139,Basal_vs_Her2
MUC2,-1.4254080239746256,-0.4253929424207431,-4.688224807433327,3.305651418820398e-06,8.239410316102687e-06,2.870333759825579,Basal_vs_Her2
CDHR3,-1.4524285099905663,-0.05861609802473322,-4.3341554590258715,1.6748580942933912e-05,3.9763962352644614e-05,1.3174335246864182,Basal_vs_Her2
HIST1H4D,-1.6059919717827964,-0.28845367030217817,-4.029589169744816,6.191519250465044e-05,0.00014071634660147827,0.0742612014325239,Basal_vs_Her2
DQ577440,-1.1044329816454388,-0.7098505784982606,-3.995445827094384,7.132307926994492e-05,0.00016121853361199124,-0.05972077379203178,Basal_vs_Her2
NDUFC2-KCTD14,-1.3985923784833376,-0.6610105521425262,-3.981486391673531,7.554704592836036e-05,0.0001703044317591532,-0.11418517259659478,Basal_vs_Her2
CADM3,-1.236931163594345,-0.6334858427166061,-3.7883658821327075,0.00016451070804516957,0.00036076909659028415,-0.8489256489686081,Basal_vs_Her2
PIEZO2,-1.1033155059331956,0.06778431455933333,-3.643452530826893,0.00028863407363536415,0.0006196523693331133,-1.3772137067776846,Basal_vs_Her2
C10orf107,-1.1856226412594824,1.848916796792803,-3.5713582699476447,0.0003791308809184512,0.0008056329811271806,-1.6326446647079225,Basal_vs_Her2
LINC01087,-1.3170041500070897,1.933313055996945,-3.496890020039811,0.0005000567697521017,0.001052751094214951,-1.891314668222277,Basal_vs_Her2
UBE2C,-1.1822564428647733,-0.8704978677387314,-3.431691761597804,0.0006346298126666246,0.001319945533832414,-2.113460563606366,Basal_vs_Her2
MIR6127,-1.1409684106450426,2.2433603359698426,-3.384200092611548,0.0007531415348585246,0.001552229049584758,-2.272729819171728,Basal_vs_Her2
HOXA9,-1.1239026208450222,0.3639999144681272,-3.2052343035060673,0.0014100339448660112,0.0028268523353368307,-2.8535795058345412,Basal_vs_Her2
X51791,-1.140134864580922,-0.5360891562933743,-3.078023408994945,0.0021641110125584467,0.004270148012151632,-3.247812253811194,Basal_vs_Her2
LINC00923,-1.0694653040580517,1.1692005019295648,-3.0679654522032656,0.0022372904417605286,0.004400649964123778,-3.2783196759406454,Basal_vs_Her2
HIST1H4B,-1.0413095648141084,2.0124316186185855,-2.4491408457376305,0.014560752876648085,0.025798640816173078,-4.967347678006385,Basal_vs_Her2
KCNN4,-1.2968617772794826,1.9720027524638373,-2.37740901041173,0.01769901348808036,0.030877553189253944,-5.139078408419689,Basal_vs_Her2
